{"count":1,"gauges":{"CarLearning.CumulativeReward":{"count":83,"max":4.424823,"min":-0.9069639,"value":-0.534519434,"weightedAverage":0.7745547}},"self":1303.5636736,"total":1507.8177352999999,"children":{"AgentSendState":{"count":75364,"self":0.76656629999999992,"total":0.79615609999999992,"children":{"CollectObservations":{"count":15104,"self":0.0295898,"total":0.0295898,"children":null}}},"DecideAction":{"count":75364,"self":47.878656,"total":201.76307169999998,"children":{"CameraSensor.WriteToTensor":{"count":15104,"self":153.884416,"total":153.8844168,"children":null}}},"AgentAct":{"count":75364,"self":1.6938191999999999,"total":1.6938191,"children":null}}}