{"count":1,"gauges":{"CarLearning.CumulativeReward":{"count":13,"max":2.48803782,"min":-0.626739562,"value":0.324869454,"weightedAverage":0.444036543}},"self":161.64885759999999,"total":200.9250193,"children":{"AgentSendState":{"count":9992,"self":0.2536979,"total":0.26980919999999997,"children":{"CollectObservations":{"count":2005,"self":0.0161113,"total":0.0161113,"children":null}}},"DecideAction":{"count":9992,"self":23.915873599999998,"total":38.617996,"children":{"CameraSensor.WriteToTensor":{"count":2005,"self":14.702123199999999,"total":14.7021228,"children":null}}},"AgentAct":{"count":9992,"self":0.3863603,"total":0.3863603,"children":null}}}