{"cameraMode":{"drawMode":0,"name":"Shaded","section":"Shading Mode"},"sceneLighting":false,"audioPlay":false,"sceneViewState":{"showFog":true,"showMaterialUpdate":false,"showSkybox":false,"showFlares":true,"showImageEffects":true,"showParticleSystems":true},"in2DMode":false,"pivot":{"x":-6.649545192718506,"y":-27.00968360900879,"z":6.24033260345459},"rotation":{"x":-0.43873006105422976,"y":0.2977086901664734,"z":-0.15747083723545075,"w":-0.8333538770675659},"size":58.408058166503909,"orthographic":false}