{"cameraMode":{"drawMode":0,"name":"Shaded","section":"Shading Mode"},"sceneLighting":false,"audioPlay":false,"sceneViewState":{"showFog":true,"showMaterialUpdate":false,"showSkybox":false,"showFlares":true,"showImageEffects":true,"showParticleSystems":true},"in2DMode":false,"pivot":{"x":-0.8278529644012451,"y":-3.750652313232422,"z":4.723705291748047},"rotation":{"x":0.3139204680919647,"y":-0.058283500373363498,"z":0.01843600533902645,"w":0.9477282166481018},"size":17.63328742980957,"orthographic":false}