{"cameraMode":{"drawMode":0,"name":"Shaded","section":"Shading Mode"},"sceneLighting":false,"audioPlay":false,"sceneViewState":{"showFog":true,"showMaterialUpdate":false,"showSkybox":false,"showFlares":true,"showImageEffects":true,"showParticleSystems":true},"in2DMode":false,"pivot":{"x":-0.055605411529541019,"y":0.1386171579360962,"z":0.16605257987976075},"rotation":{"x":-0.04777573421597481,"y":0.8679963946342468,"z":-0.08517013490200043,"w":-0.4868890345096588},"size":3.3376119136810304,"orthographic":false}