{"cameraMode":{"drawMode":0,"name":"Shaded","section":"Shading Mode"},"sceneLighting":false,"audioPlay":false,"sceneViewState":{"showFog":true,"showMaterialUpdate":false,"showSkybox":false,"showFlares":true,"showImageEffects":true,"showParticleSystems":true},"in2DMode":false,"pivot":{"x":-5.461273670196533,"y":-2.5625433921813967,"z":13.453371047973633},"rotation":{"x":0.1277037113904953,"y":-0.20674186944961549,"z":0.026693280786275865,"w":0.9698711037635803},"size":22.0,"orthographic":false}