{"cameraMode":{"drawMode":0,"name":"Shaded","section":"Shading Mode"},"sceneLighting":false,"audioPlay":false,"sceneViewState":{"showFog":true,"showMaterialUpdate":false,"showSkybox":false,"showFlares":true,"showImageEffects":true,"showParticleSystems":true},"in2DMode":false,"pivot":{"x":0.5086656212806702,"y":1.012524127960205,"z":0.6827951073646545},"rotation":{"x":-0.013450521975755692,"y":0.9826560020446777,"z":-0.08010711520910263,"w":-0.16729256510734559},"size":2.857893466949463,"orthographic":false}