{"count":1,"gauges":{"CarLearning.CumulativeReward":{"count":1504,"max":10.2485771,"min":-1.63242817,"value":-0.887808442,"weightedAverage":0.67821157}},"self":2558.8318208,"total":7254.1606936,"children":{"AgentSendState":{"count":786151,"self":38.329411199999996,"total":1480.0570327,"children":{"CollectObservations":{"count":629447,"self":3.9798864,"total":3.9798864,"children":null},"AgentInfo.ToProto":{"count":629447,"self":13.991841599999999,"total":1437.7477354999999,"children":{"GenerateSensorData":{"count":629447,"self":27.981792,"total":1423.7558932,"children":{"CameraSensor.GetCompressedObservation":{"count":629447,"self":1395.7740543999998,"total":1395.7740999,"children":null}}}}}}},"DecideAction":{"count":786151,"self":3173.98016,"total":3173.9801189,"children":null},"AgentAct":{"count":786151,"self":37.686032,"total":37.8768076,"children":{"AgentInfo.ToProto":{"count":82,"self":0.0019959,"total":0.1907759,"children":{"GenerateSensorData":{"count":82,"self":0.0059996,"total":0.18878,"children":{"CameraSensor.GetCompressedObservation":{"count":82,"self":0.18278039999999998,"total":0.18278039999999998,"children":null}}}}}}},"AgentInfo.ToProto":{"count":1422,"self":0.043043899999999996,"total":3.4139567,"children":{"GenerateSensorData":{"count":1422,"self":0.0509711,"total":3.3709127999999997,"children":{"CameraSensor.GetCompressedObservation":{"count":1422,"self":3.3199416,"total":3.3199416999999998,"children":null}}}}}}}